ligand_complex,receptor_complex,best_rank_vivo,high_conf_vivo,senders_vivo,n_senders_vivo,n_samples_vivo,all_samples_vivo,best_rank_vitro,high_conf_vitro,senders_vitro,n_senders_vitro,n_samples_vitro,all_samples_vitro,detected_vivo,detected_vitro,in_vivo,in_vitro,receptor_prop_pgclc,receptor_scorable,receptor_available,medium_supplied_hits,medium_supplied,medium_supplied_partial,receptor_confounded_hits,receptor_confounded,flag_medium_supplied,flag_receptor_available,flag_receptor_confounded,class,robust
LAMB2,RPSA,0.00015639012624172466,True,"CoelEpi_GATA2, CoelEpi_LHX9, CoelEpi_LHX9_cycling, Endothelial, Epithelial, Gi, Mesenchymal_GATA2, Neural, OSE, Oi, PV, early_sPAX8, early_somatic, early_supporting, preGC_I, preGC_IIa, preGC_IIb, primordial germ cell",18.0,4.0,True,0.05707439251224746,False,"PGCLC, cluster 10, cluster 11, cluster 13, cluster 14, cluster 3, cluster 4, cluster 5, cluster 6, cluster 7, cluster 8, cluster 9",12.0,4.0,True,True,True,True,False,0.9997670355270821,True,True,,,False,,,False,True,False,actionable,True
TOR2A,ATP5F1B,0.04432081176991517,True,"CoelEpi_GATA2, CoelEpi_LHX9, CoelEpi_LHX9_cycling, Endothelial, Epithelial, Erythroid, Gi, Immune, Mesenchymal_GATA2, Neural, Oi, PV, early_sPAX8, early_somatic, early_supporting, preGC_I, preGC_IIb, primordial germ cell",18.0,4.0,True,0.39256461320757174,False,"cluster 10, cluster 11, cluster 14, cluster 5, cluster 7, cluster 8",6.0,2.0,False,True,True,True,False,0.9794991263832266,True,True,,,False,,,False,True,False,actionable,True
HSPG2,ITGB1,0.0014710343296560826,True,"CoelEpi_GATA2, CoelEpi_LHX9, CoelEpi_LHX9_cycling, Endothelial, Epithelial, Gi, Mesenchymal_GATA2, Neural, OSE, Oi, PV, early_sPAX8, early_somatic, early_supporting, preGC_I, preGC_IIa, preGC_IIb",17.0,4.0,True,0.09882066515040294,False,"PGCLC, cluster 10, cluster 11, cluster 12, cluster 13, cluster 14, cluster 3, cluster 4, cluster 5, cluster 6, cluster 7, cluster 8, cluster 9",13.0,4.0,True,True,True,True,False,0.9550378567268492,True,True,,,False,,,False,True,False,actionable,True
CXCL12,ITGB1,0.010113775091227717,True,"CoelEpi_GATA2, CoelEpi_LHX9, CoelEpi_LHX9_cycling, Epithelial, Gi, Mesenchymal_GATA2, Neural, Oi, PV, early_sPAX8, early_somatic, preGC_IIa, preGC_IIb, primordial germ cell",14.0,4.0,True,0.06841190746450107,False,"cluster 11, cluster 3, cluster 6",3.0,4.0,True,True,True,True,False,0.9550378567268492,True,True,,,False,,,False,True,False,actionable,True
CLEC11A,ITGB1,0.010308906552867843,True,"CoelEpi_GATA2, CoelEpi_LHX9, CoelEpi_LHX9_cycling, Endothelial, Epithelial, Erythroid, Gi, Immune, Mesenchymal_GATA2, Neural, OSE, Oi, PV, early_sPAX8, early_somatic, early_supporting, preGC_I, preGC_IIa, preGC_IIb, primordial germ cell",20.0,4.0,True,0.38006085872191664,False,"PGCLC, cluster 10, cluster 11, cluster 14, cluster 3, cluster 4, cluster 5, cluster 6, cluster 7, cluster 8, cluster 9",11.0,3.0,False,True,True,True,False,0.9550378567268492,True,True,,,False,,,False,True,False,actionable,True
LGALS3BP,ITGB1,0.014082803033872365,True,"CoelEpi_GATA2, CoelEpi_LHX9, CoelEpi_LHX9_cycling, Epithelial, Gi, Immune, Mesenchymal_GATA2, Neural, OSE, Oi, PV, early_sPAX8, early_somatic, early_supporting, preGC_I, preGC_IIa, preGC_IIb",17.0,4.0,True,0.44201332367024615,False,"PGCLC, cluster 10, cluster 11, cluster 13, cluster 3, cluster 5, cluster 6, cluster 7, cluster 8, cluster 9",10.0,4.0,True,True,True,True,False,0.9550378567268492,True,True,,,False,,,False,True,False,actionable,True
TGFB1,ITGB1,0.014427122098533474,True,"CoelEpi_GATA2, CoelEpi_LHX9_cycling, Endothelial, Epithelial, Erythroid, Gi, Immune, Mesenchymal_GATA2, PV, early_sPAX8, early_somatic, early_supporting, primordial germ cell",13.0,4.0,True,0.3381654545694292,False,"PGCLC, cluster 10, cluster 11, cluster 13, cluster 14, cluster 3, cluster 4, cluster 5, cluster 6, cluster 7, cluster 8, cluster 9",12.0,4.0,True,True,True,True,False,0.9550378567268492,True,True,,,False,,,False,True,False,actionable,True
TIMP2,ITGB1,0.01549347605556156,True,"CoelEpi_GATA2, CoelEpi_LHX9, CoelEpi_LHX9_cycling, Endothelial, Epithelial, Gi, Immune, Mesenchymal_GATA2, Neural, OSE, Oi, PV, early_sPAX8, early_somatic, early_supporting, preGC_I, preGC_IIa, preGC_IIb, primordial germ cell",19.0,4.0,True,0.24218502722471136,False,"PGCLC, cluster 10, cluster 11, cluster 12, cluster 13, cluster 14, cluster 3, cluster 4, cluster 5, cluster 6, cluster 7, cluster 8, cluster 9",13.0,4.0,True,True,True,True,False,0.9550378567268492,True,True,,,False,,,False,True,False,actionable,True
ADAM15,ITGB1,0.019004326557057555,True,"CoelEpi_GATA2, CoelEpi_LHX9, CoelEpi_LHX9_cycling, Endothelial, Epithelial, Immune, OSE, PV, preGC_IIb, primordial germ cell",10.0,4.0,True,0.37677735009012503,False,"cluster 14, cluster 5, cluster 8",3.0,3.0,False,True,True,True,False,0.9550378567268492,True,True,,,False,,,False,True,False,actionable,True
NID1,ITGB1,0.0238919834340908,True,"Endothelial, Epithelial, Gi, Immune, Mesenchymal_GATA2, Neural, Oi, PV, early_somatic",9.0,4.0,True,0.07678274376091894,False,"cluster 10, cluster 13, cluster 14, cluster 3, cluster 4, cluster 5, cluster 6, cluster 7, cluster 8, cluster 9",10.0,4.0,True,True,True,True,False,0.9550378567268492,True,True,,,False,,,False,True,False,actionable,True
AGRN,ITGB1,0.02922753573744677,True,"CoelEpi_GATA2, CoelEpi_LHX9, CoelEpi_LHX9_cycling, Endothelial, Epithelial, Gi, Mesenchymal_GATA2, Neural, OSE, PV, early_sPAX8, early_somatic, early_supporting, preGC_I, preGC_IIb",15.0,4.0,True,0.3127522963191771,False,"PGCLC, cluster 11, cluster 13, cluster 14, cluster 3, cluster 5, cluster 6, cluster 7, cluster 8",9.0,4.0,True,True,True,True,False,0.9550378567268492,True,True,,,False,,,False,True,False,actionable,True
VEGFA,ITGB1,0.02932749030029134,True,"CoelEpi_GATA2, CoelEpi_LHX9, CoelEpi_LHX9_cycling, Endothelial, Epithelial, Gi, Immune, Mesenchymal_GATA2, Neural, OSE, Oi, PV, early_sPAX8, early_somatic, early_supporting, preGC_I, preGC_IIa, preGC_IIb",18.0,4.0,True,0.12162558444064414,False,"PGCLC, cluster 10, cluster 11, cluster 13, cluster 14, cluster 3, cluster 4, cluster 5, cluster 6, cluster 7, cluster 8, cluster 9",12.0,4.0,True,True,True,True,False,0.9550378567268492,True,True,,,False,,,False,True,False,actionable,True
PLAU,ITGB1,0.03098745383782156,True,"Endothelial, Immune, early_sPAX8, early_supporting, primordial germ cell",5.0,4.0,True,0.4077290470937005,False,"cluster 14, cluster 8",2.0,3.0,False,True,True,True,False,0.9550378567268492,True,True,,,False,,,False,True,False,actionable,True
HLA-A,APLP2,0.023261397462194022,True,"CoelEpi_GATA2, CoelEpi_LHX9, CoelEpi_LHX9_cycling, Endothelial, Epithelial, Erythroid, Gi, Immune, Mesenchymal_GATA2, Neural, OSE, Oi, PV, early_sPAX8, early_somatic, early_supporting, preGC_I, preGC_IIa, preGC_IIb, primordial germ cell",20.0,4.0,True,0.050175511125944317,False,"PGCLC, cluster 10, cluster 11, cluster 13, cluster 14, cluster 3, cluster 4, cluster 5, cluster 6, cluster 7, cluster 8, cluster 9",12.0,4.0,True,True,True,True,False,0.9409435061153174,True,True,,,False,,,False,True,False,actionable,True
APOE,SDC2,0.004145877438387131,True,"CoelEpi_GATA2, CoelEpi_LHX9, CoelEpi_LHX9_cycling, Endothelial, Epithelial, Erythroid, Gi, Immune, Mesenchymal_GATA2, OSE, Oi, PV, early_sPAX8, early_somatic, early_supporting, preGC_I, preGC_IIa, preGC_IIb, primordial germ cell",19.0,4.0,True,0.1398092234155946,False,"PGCLC, cluster 10, cluster 11, cluster 12, cluster 13, cluster 14, cluster 3, cluster 4, cluster 5, cluster 6, cluster 7, cluster 8, cluster 9",13.0,4.0,True,True,True,True,False,0.8590564938846826,True,True,,,False,,,False,True,False,actionable,True
JAG1,CD46,0.032208312563433386,True,"Endothelial, Epithelial, Mesenchymal_GATA2, PV, primordial germ cell",5.0,4.0,True,0.4468560911080377,False,"PGCLC, cluster 11, cluster 14, cluster 3, cluster 4, cluster 5, cluster 6, cluster 7",8.0,4.0,True,True,True,True,False,0.8136284216656959,True,True,,,False,,,False,True,False,actionable,True
IGF2,IGF2R,0.03125117149611452,True,"CoelEpi_GATA2, CoelEpi_LHX9, CoelEpi_LHX9_cycling, Endothelial, Epithelial, Erythroid, Gi, Immune, Mesenchymal_GATA2, Neural, OSE, Oi, PV, early_sPAX8, early_somatic, early_supporting, preGC_I, preGC_IIa, preGC_IIb",19.0,4.0,True,1.0,False,cluster 9,1.0,3.0,False,True,True,True,False,0.5431566686080372,True,True,,,False,,,False,True,False,actionable,True
HSPG2,FGFR1,0.04847275271517999,True,"CoelEpi_GATA2, CoelEpi_LHX9, CoelEpi_LHX9_cycling, Endothelial, Epithelial, Gi, Mesenchymal_GATA2, Neural, OSE, Oi, PV, early_sPAX8, early_somatic, early_supporting, preGC_I, preGC_IIa, preGC_IIb",17.0,4.0,True,0.5466559542014816,False,"PGCLC, cluster 10, cluster 11, cluster 12, cluster 13, cluster 14, cluster 3, cluster 4, cluster 5, cluster 6, cluster 7, cluster 8, cluster 9",13.0,4.0,True,True,True,True,False,0.522306348281887,True,True,,,False,,,False,True,False,actionable,True
PDGFB,ADGRV1,0.04300589112573518,True,"CoelEpi_GATA2, CoelEpi_LHX9, CoelEpi_LHX9_cycling, Endothelial, PV, primordial germ cell",6.0,4.0,True,0.876748125111535,False,cluster 11,1.0,3.0,False,True,True,True,False,0.5057658707047176,True,True,,,False,,,False,True,False,actionable,True
NCAM1,FGFR2,0.005811191684909932,True,"CoelEpi_GATA2, CoelEpi_LHX9, CoelEpi_LHX9_cycling, Endothelial, Epithelial, Gi, Mesenchymal_GATA2, Neural, Oi, PV, early_sPAX8, early_somatic, early_supporting, preGC_I, preGC_IIa, preGC_IIb, primordial germ cell",17.0,4.0,True,0.21060771497152958,False,"cluster 10, cluster 14, cluster 4, cluster 5, cluster 6, cluster 7, cluster 8, cluster 9",8.0,4.0,True,True,True,True,False,0.4153756552125801,True,True,,,False,,,False,True,False,actionable,True
APOE,LSR,0.004801431749800036,True,"CoelEpi_GATA2, CoelEpi_LHX9, CoelEpi_LHX9_cycling, Endothelial, Epithelial, Erythroid, Gi, Immune, Mesenchymal_GATA2, OSE, Oi, PV, early_sPAX8, early_somatic, early_supporting, preGC_I, preGC_IIa, preGC_IIb, primordial germ cell",19.0,4.0,True,0.5399179450095766,False,"PGCLC, cluster 10, cluster 11, cluster 12, cluster 13, cluster 14, cluster 3, cluster 4, cluster 5, cluster 6, cluster 7, cluster 8, cluster 9",13.0,4.0,True,True,True,True,False,0.38916715200931856,True,True,,,False,,,False,True,False,actionable,True
CD14,ITGB1,0.0015059210732255028,True,Immune,1.0,2.0,False,,,,,,,True,False,True,False,0.9550378567268492,True,True,,,False,,,False,True,False,actionable,True
F13A1,ITGB1,0.017913687675601975,True,Immune,1.0,2.0,False,,,,,,,True,False,True,False,0.9550378567268492,True,True,,,False,,,False,True,False,actionable,True
ICAM4,ITGB1,0.0314448124190535,True,Erythroid,1.0,2.0,False,0.46330902748009994,False,"cluster 5, cluster 7",2.0,2.0,False,True,True,True,False,0.9550378567268492,True,True,,,False,,,False,True,False,actionable,True
VWF,ITGB1,0.04397138758299318,True,Endothelial,1.0,3.0,False,,,,,,,True,False,True,False,0.9550378567268492,True,True,,,False,,,False,True,False,actionable,True
TFF3,CXCR4,0.02592122091442193,True,"Endothelial, preGC_IIb",2.0,2.0,False,,,,,,,True,False,True,False,0.7768200349446709,True,True,,,False,,,False,True,False,actionable,True
TGFB1,CXCR4,0.031642271253723694,True,"CoelEpi_GATA2, CoelEpi_LHX9_cycling, Endothelial, Epithelial, Erythroid, Gi, Immune, Mesenchymal_GATA2, PV, early_sPAX8, early_somatic, early_supporting, primordial germ cell",13.0,3.0,False,0.38468968444528884,False,"PGCLC, cluster 10, cluster 11, cluster 13, cluster 14, cluster 3, cluster 4, cluster 5, cluster 6, cluster 7, cluster 8, cluster 9",12.0,4.0,True,True,True,True,False,0.7768200349446709,True,True,,,False,,,False,True,False,actionable,True
LRRC4B,PTPRS,0.007462022148991842,True,"CoelEpi_GATA2, CoelEpi_LHX9_cycling, Epithelial, Mesenchymal_GATA2, Neural, PV, primordial germ cell",7.0,3.0,False,,,,,,,True,False,True,False,0.6787419918462434,True,True,,,False,,,False,True,False,actionable,True
COL18A1,PTPRS,0.022575821522104775,True,"CoelEpi_GATA2, CoelEpi_LHX9, CoelEpi_LHX9_cycling, Endothelial, Epithelial, Erythroid, Gi, Mesenchymal_GATA2, Neural, OSE, Oi, PV, early_sPAX8, early_somatic, early_supporting, preGC_I, preGC_IIa, preGC_IIb, primordial germ cell",19.0,3.0,False,0.06701640723534202,False,"PGCLC, cluster 10, cluster 11, cluster 12, cluster 13, cluster 14, cluster 3, cluster 4, cluster 5, cluster 6, cluster 7, cluster 8, cluster 9",13.0,4.0,True,True,True,True,False,0.6787419918462434,True,True,,,False,,,False,True,False,actionable,True
ITGB2,THY1,0.04486271420972088,True,"Endothelial, Immune",2.0,2.0,False,,,,,,,True,False,True,False,0.5600465928945836,True,True,,,False,,,False,True,False,actionable,True
PDGFB,LRP1,0.0016529658194124133,True,"CoelEpi_GATA2, CoelEpi_LHX9, CoelEpi_LHX9_cycling, Endothelial, PV, primordial germ cell",6.0,3.0,False,0.8170373980457937,False,cluster 11,1.0,3.0,False,True,True,True,False,0.5591147350029121,True,True,,,False,,,False,True,False,actionable,True
A2M,LRP1,0.02790459425214434,True,"Endothelial, Immune, PV, primordial germ cell",4.0,3.0,False,,,,,,,True,False,True,False,0.5591147350029121,True,True,,,False,,,False,True,False,actionable,True
APOA1,LRP1,0.04712578582801482,True,"CoelEpi_LHX9, CoelEpi_LHX9_cycling, Epithelial, Gi, Neural, early_sPAX8, early_somatic",7.0,3.0,False,0.060442127207162036,False,cluster 13,1.0,4.0,True,True,True,True,False,0.5591147350029121,True,True,,,False,,,False,True,False,actionable,True
EFNA1,EPHA7,5.700893229704838e-05,True,"CoelEpi_GATA2, CoelEpi_LHX9, CoelEpi_LHX9_cycling, Endothelial, Epithelial, Gi, Mesenchymal_GATA2, OSE, PV, early_sPAX8, early_somatic, early_supporting, preGC_I, preGC_IIa, preGC_IIb, primordial germ cell",16.0,3.0,False,0.5549319176228464,False,"cluster 11, cluster 13, cluster 3, cluster 6, cluster 9",5.0,4.0,True,True,True,True,False,0.5517763541059988,True,True,,,False,,,False,True,False,actionable,True
EFNA5,EPHA7,0.0034192576475722504,True,"CoelEpi_GATA2, CoelEpi_LHX9_cycling, Epithelial, Gi, Mesenchymal_GATA2, Neural",6.0,3.0,False,0.29534031305536795,False,"PGCLC, cluster 10, cluster 11, cluster 12, cluster 13, cluster 14, cluster 3, cluster 4, cluster 5, cluster 6, cluster 7, cluster 8, cluster 9",13.0,4.0,True,True,True,True,False,0.5517763541059988,True,True,,,False,,,False,True,False,actionable,True
EFNA3,EPHA7,0.0034762232132198364,True,"CoelEpi_GATA2, CoelEpi_LHX9, CoelEpi_LHX9_cycling, Epithelial, Gi, early_sPAX8, early_supporting, preGC_IIa, preGC_IIb, primordial germ cell",10.0,3.0,False,0.7133630029343578,False,cluster 6,1.0,3.0,False,True,True,True,False,0.5517763541059988,True,True,,,False,,,False,True,False,actionable,True
EFNA4,EPHA7,0.004387574865802055,True,"CoelEpi_GATA2, CoelEpi_LHX9, CoelEpi_LHX9_cycling, Endothelial, Epithelial, Gi, Immune, Mesenchymal_GATA2, OSE, Oi, PV, early_sPAX8, early_somatic, early_supporting, preGC_I, preGC_IIa, preGC_IIb, primordial germ cell",18.0,3.0,False,0.4127751262585184,False,"PGCLC, cluster 10, cluster 11, cluster 13, cluster 14, cluster 3, cluster 4, cluster 5, cluster 6, cluster 7, cluster 8, cluster 9",12.0,4.0,True,True,True,True,False,0.5517763541059988,True,True,,,False,,,False,True,False,actionable,True
WNT5A,EPHA7,0.007917316488767609,True,"CoelEpi_GATA2, CoelEpi_LHX9, CoelEpi_LHX9_cycling, Epithelial, Gi, Mesenchymal_GATA2, OSE, Oi, PV, early_sPAX8, early_somatic, early_supporting, preGC_IIa, preGC_IIb",14.0,3.0,False,0.28386806681210747,False,"cluster 10, cluster 11, cluster 13, cluster 14, cluster 3, cluster 4, cluster 5, cluster 6, cluster 7, cluster 8, cluster 9",11.0,4.0,True,True,True,True,False,0.5517763541059988,True,True,,,False,,,False,True,False,actionable,True
AFDN,EPHA7,0.02427718548995171,True,"CoelEpi_GATA2, CoelEpi_LHX9, CoelEpi_LHX9_cycling, Endothelial, Epithelial, Erythroid, Gi, Immune, Mesenchymal_GATA2, Neural, OSE, Oi, PV, early_sPAX8, early_somatic, early_supporting, preGC_I, preGC_IIa, preGC_IIb, primordial germ cell",20.0,3.0,False,0.13178963341896824,False,"PGCLC, cluster 10, cluster 11, cluster 12, cluster 13, cluster 14, cluster 3, cluster 4, cluster 5, cluster 6, cluster 7, cluster 8, cluster 9",13.0,4.0,True,True,True,True,False,0.5517763541059988,True,True,,,False,,,False,True,False,actionable,True
NCAM1,ROBO1,0.0006270585415084433,True,"CoelEpi_GATA2, CoelEpi_LHX9, CoelEpi_LHX9_cycling, Endothelial, Epithelial, Gi, Mesenchymal_GATA2, Neural, Oi, PV, early_sPAX8, early_somatic, early_supporting, preGC_I, preGC_IIa, preGC_IIb, primordial germ cell",17.0,2.0,False,0.21238286486906344,False,"cluster 10, cluster 14, cluster 4, cluster 5, cluster 6, cluster 7, cluster 8, cluster 9",8.0,4.0,True,True,True,True,False,0.4398369248689575,True,True,,,False,,,False,True,False,actionable,True
JAG1,NOTCH2,0.0001140171423632193,True,"Endothelial, Epithelial, Mesenchymal_GATA2, PV, primordial germ cell",5.0,2.0,False,0.6280169222274329,False,"PGCLC, cluster 11, cluster 14, cluster 3, cluster 4, cluster 5, cluster 6, cluster 7",8.0,4.0,True,True,True,True,False,0.3686662783925451,True,True,,,False,,,False,True,False,actionable,True
JAG2,NOTCH2,0.002621663397069011,True,"Endothelial, primordial germ cell",2.0,2.0,False,,,,,,,True,False,True,False,0.3686662783925451,True,True,,,False,,,False,True,False,actionable,True
DLK1,NOTCH2,0.02331315946599625,True,"CoelEpi_GATA2, CoelEpi_LHX9, CoelEpi_LHX9_cycling, Endothelial, Gi, Immune, Mesenchymal_GATA2, Neural, Oi, PV, early_sPAX8, early_somatic, early_supporting, preGC_I, preGC_IIa, preGC_IIb",16.0,2.0,False,1.0,False,PGCLC,1.0,2.0,False,True,True,True,False,0.3686662783925451,True,True,,,False,,,False,True,False,actionable,True
CNTN1,NOTCH2,0.024560682081214504,True,"Mesenchymal_GATA2, Neural, OSE, PV, early_supporting",5.0,2.0,False,1.0,False,cluster 6,1.0,3.0,False,True,True,True,False,0.3686662783925451,True,True,,,False,,,False,True,False,actionable,True
PSEN1,NOTCH2,0.027111349516680594,True,"CoelEpi_GATA2, CoelEpi_LHX9, CoelEpi_LHX9_cycling, Endothelial, Epithelial, Gi, Immune, Mesenchymal_GATA2, Neural, OSE, Oi, PV, early_sPAX8, early_somatic, early_supporting, preGC_I, preGC_IIa, preGC_IIb, primordial germ cell",19.0,2.0,False,0.5073815160066539,False,"PGCLC, cluster 10, cluster 11, cluster 12, cluster 13, cluster 14, cluster 3, cluster 4, cluster 5, cluster 6, cluster 7, cluster 8, cluster 9",13.0,4.0,True,True,True,True,False,0.3686662783925451,True,True,,,False,,,False,True,False,actionable,True
ADAM10,NOTCH2,0.03452832980513284,True,"CoelEpi_GATA2, CoelEpi_LHX9, CoelEpi_LHX9_cycling, Endothelial, Epithelial, Erythroid, Gi, Immune, Mesenchymal_GATA2, Neural, OSE, Oi, PV, early_sPAX8, early_somatic, early_supporting, preGC_I, preGC_IIa, preGC_IIb, primordial germ cell",20.0,2.0,False,0.37461971666140975,False,"PGCLC, cluster 10, cluster 11, cluster 12, cluster 13, cluster 14, cluster 3, cluster 4, cluster 5, cluster 6, cluster 7, cluster 8, cluster 9",13.0,4.0,True,True,True,True,False,0.3686662783925451,True,True,,,False,,,False,True,False,actionable,True
C1QB,C1QBP,3.443488616823935e-05,True,Immune,1.0,2.0,False,,,,,,,True,False,True,False,0.30728013977868374,True,True,,,False,,,False,True,False,actionable,True
SPON1,LRP8,0.035094002066241504,True,"Epithelial, Mesenchymal_GATA2, Neural",3.0,2.0,False,0.5051640611156789,False,"PGCLC, cluster 10, cluster 11, cluster 14, cluster 3, cluster 4, cluster 5, cluster 6, cluster 7, cluster 8, cluster 9",11.0,4.0,True,True,True,True,False,0.2977285963890507,True,True,,,False,,,False,True,False,actionable,False
RELN,LRP8,0.040803281246495626,True,"CoelEpi_GATA2, CoelEpi_LHX9, CoelEpi_LHX9_cycling, Erythroid, Gi, OSE, early_sPAX8, early_somatic, early_supporting, preGC_I, preGC_IIa, preGC_IIb",12.0,2.0,False,0.20113283985097813,False,"cluster 10, cluster 11, cluster 13, cluster 14, cluster 4, cluster 5, cluster 7, cluster 8, cluster 9",9.0,4.0,True,True,True,True,False,0.2977285963890507,True,True,,,False,,,False,True,False,actionable,False
WNT5A,MCAM,0.04215886383096621,True,"CoelEpi_GATA2, CoelEpi_LHX9, CoelEpi_LHX9_cycling, Epithelial, Gi, Mesenchymal_GATA2, OSE, Oi, PV, early_sPAX8, early_somatic, early_supporting, preGC_IIa, preGC_IIb",14.0,2.0,False,0.478071358184071,False,"cluster 10, cluster 11, cluster 13, cluster 14, cluster 3, cluster 4, cluster 5, cluster 6, cluster 7, cluster 8, cluster 9",11.0,4.0,True,True,True,True,False,0.2916715200931858,True,True,,,False,,,False,True,False,actionable,False
EFNA1,EPHA1,0.00017102462201794646,True,"CoelEpi_GATA2, CoelEpi_LHX9, CoelEpi_LHX9_cycling, Endothelial, Epithelial, Gi, Mesenchymal_GATA2, OSE, PV, early_sPAX8, early_somatic, early_supporting, preGC_I, preGC_IIa, preGC_IIb, primordial germ cell",16.0,3.0,False,0.471482707818798,False,"cluster 11, cluster 13, cluster 3, cluster 6, cluster 9",5.0,4.0,True,True,True,True,False,0.2878276062900408,True,True,,,False,,,False,True,False,actionable,False
EFNA5,EPHA1,0.0068359162358444785,True,"CoelEpi_GATA2, CoelEpi_LHX9_cycling, Epithelial, Gi, Mesenchymal_GATA2, Neural",6.0,3.0,False,0.4490606192740131,False,"PGCLC, cluster 10, cluster 11, cluster 12, cluster 13, cluster 14, cluster 3, cluster 4, cluster 5, cluster 6, cluster 7, cluster 8, cluster 9",13.0,4.0,True,True,True,True,False,0.2878276062900408,True,True,,,False,,,False,True,False,actionable,False
EFNA3,EPHA1,0.007006681101516487,True,"CoelEpi_GATA2, CoelEpi_LHX9, CoelEpi_LHX9_cycling, Epithelial, Gi, early_sPAX8, early_supporting, preGC_IIa, preGC_IIb, primordial germ cell",10.0,3.0,False,1.0,False,cluster 6,1.0,3.0,False,True,True,True,False,0.2878276062900408,True,True,,,False,,,False,True,False,actionable,False
EFNA4,EPHA1,0.009112245194182297,True,"CoelEpi_GATA2, CoelEpi_LHX9, CoelEpi_LHX9_cycling, Endothelial, Epithelial, Gi, Immune, Mesenchymal_GATA2, OSE, Oi, PV, early_sPAX8, early_somatic, early_supporting, preGC_I, preGC_IIa, preGC_IIb, primordial germ cell",18.0,3.0,False,1.0,False,"PGCLC, cluster 10, cluster 11, cluster 13, cluster 14, cluster 3, cluster 4, cluster 5, cluster 6, cluster 7, cluster 8, cluster 9",12.0,4.0,True,True,True,True,False,0.2878276062900408,True,True,,,False,,,False,True,False,actionable,False
CGN,TGFBR2,0.0009690535878429769,True,"Epithelial, primordial germ cell",2.0,2.0,False,0.5731666608964772,False,"PGCLC, cluster 11, cluster 13, cluster 3, cluster 6",5.0,4.0,True,True,True,True,False,0.2850320326150262,True,True,,,False,,,False,True,False,actionable,False
GDF15,TGFBR2,0.01735426245538964,True,"Epithelial, Erythroid",2.0,2.0,False,,,,,,,True,False,True,False,0.2850320326150262,True,True,,,False,,,False,True,False,actionable,False
SEMA4A,PLXND1,0.013945611673540824,True,"Immune, primordial germ cell",2.0,2.0,False,0.9890316180745782,False,"PGCLC, cluster 13",2.0,4.0,True,True,True,True,False,0.24181712288875945,True,True,,,False,,,False,True,False,actionable,False
SEMA3D,PLXND1,0.0480282643499953,True,"CoelEpi_GATA2, CoelEpi_LHX9, CoelEpi_LHX9_cycling, Epithelial",4.0,3.0,False,0.41700818740336315,False,"cluster 10, cluster 11, cluster 13, cluster 3, cluster 6, cluster 9",6.0,4.0,True,True,True,True,False,0.24181712288875945,True,True,,,False,,,False,True,False,actionable,False
BMP4,ACVR2A_BMPR1A,0.003647115840170954,True,"CoelEpi_GATA2, CoelEpi_LHX9, CoelEpi_LHX9_cycling, Endothelial, Epithelial, Gi, Mesenchymal_GATA2, OSE, PV, early_sPAX8, early_somatic, early_supporting, preGC_I, preGC_IIa, preGC_IIb",15.0,2.0,False,0.40807429627703945,False,"PGCLC, cluster 10, cluster 11, cluster 13, cluster 14, cluster 3, cluster 4, cluster 5, cluster 6, cluster 7, cluster 8, cluster 9",12.0,4.0,True,True,True,True,False,0.24053581828771112,True,True,,,False,"['shared BMP and activin type II receptor', 'occupied by recombinant BMP4']",shared BMP and activin type II receptor,False,True,True,actionable,False
BMP7,ACVR2A_BMPR1A,0.014883249987085923,True,"CoelEpi_GATA2, Epithelial, Neural",3.0,2.0,False,1.0,False,"cluster 11, cluster 13, cluster 3, cluster 6",4.0,4.0,True,True,True,True,False,0.24053581828771112,True,True,,,False,"['shared BMP and activin type II receptor', 'occupied by recombinant BMP4']",shared BMP and activin type II receptor,False,True,True,actionable,False
EFNB1,ERBB2,0.0014819975102173253,True,"CoelEpi_GATA2, CoelEpi_LHX9, CoelEpi_LHX9_cycling, Endothelial, Epithelial, Gi, Immune, Mesenchymal_GATA2, Neural, OSE, Oi, PV, early_sPAX8, early_somatic, early_supporting, preGC_I, preGC_IIa, preGC_IIb, primordial germ cell",19.0,3.0,False,0.2898925325981117,False,"cluster 10, cluster 11, cluster 14, cluster 3, cluster 4, cluster 5, cluster 6, cluster 7, cluster 8, cluster 9",10.0,4.0,True,True,True,True,False,0.2328479906814211,True,True,,,False,,,False,True,False,actionable,False
ETV5,ERBB2,0.02932074919300639,True,"CoelEpi_LHX9_cycling, Endothelial, Epithelial, Gi, Immune, Mesenchymal_GATA2, Neural, PV, early_somatic, early_supporting, preGC_IIa, preGC_IIb, primordial germ cell",13.0,3.0,False,0.33432792398928607,False,"PGCLC, cluster 11, cluster 12, cluster 13, cluster 14, cluster 3, cluster 6, cluster 8",8.0,4.0,True,True,True,True,False,0.2328479906814211,True,True,,,False,,,False,True,False,actionable,False
SEMA4D,ERBB2,0.036960219696096024,True,"CoelEpi_GATA2, CoelEpi_LHX9, CoelEpi_LHX9_cycling, Endothelial, Epithelial, Immune, primordial germ cell",7.0,3.0,False,0.8357477527258359,False,"PGCLC, cluster 11, cluster 12, cluster 13, cluster 3, cluster 6",6.0,4.0,True,True,True,True,False,0.2328479906814211,True,True,,,False,,,False,True,False,actionable,False
S100A4,ERBB2,0.048761391960215186,True,"CoelEpi_GATA2, Endothelial, Epithelial, Erythroid, Immune, Mesenchymal_GATA2, PV",7.0,3.0,False,0.4554410172865669,False,"PGCLC, cluster 10, cluster 11, cluster 13, cluster 14, cluster 3, cluster 4, cluster 5, cluster 6, cluster 7, cluster 8, cluster 9",12.0,4.0,True,True,True,True,False,0.2328479906814211,True,True,,,False,,,False,True,False,actionable,False
TGFB2,ACVR1_TGFBR2,0.0028210752264123153,True,"CoelEpi_GATA2, CoelEpi_LHX9, CoelEpi_LHX9_cycling, Epithelial, Mesenchymal_GATA2, Neural, OSE, PV, early_sPAX8, early_supporting, preGC_I",11.0,2.0,False,1.0,False,"cluster 14, cluster 4",2.0,4.0,True,True,True,True,False,0.23226557949912638,True,True,,,False,,,False,True,False,actionable,False
TGFB1,ACVR1_TGFBR2,0.00857172158571433,True,"CoelEpi_GATA2, CoelEpi_LHX9_cycling, Endothelial, Epithelial, Erythroid, Gi, Immune, Mesenchymal_GATA2, PV, early_sPAX8, early_somatic, early_supporting, primordial germ cell",13.0,2.0,False,0.9997923954565335,False,"PGCLC, cluster 10, cluster 11, cluster 13, cluster 14, cluster 3, cluster 4, cluster 5, cluster 6, cluster 7, cluster 8, cluster 9",12.0,4.0,True,True,True,True,False,0.23226557949912638,True,True,,,False,,,False,True,False,actionable,False
DKK3,KREMEN1,0.006722069557994608,True,"CoelEpi_GATA2, CoelEpi_LHX9, CoelEpi_LHX9_cycling, Epithelial, Gi, Mesenchymal_GATA2, Neural, OSE, Oi, PV, early_sPAX8, early_somatic, early_supporting, preGC_I, preGC_IIa, preGC_IIb, primordial germ cell",17.0,2.0,False,0.3600353404329711,False,"PGCLC, cluster 11, cluster 13, cluster 3, cluster 5, cluster 6, cluster 7, cluster 8, cluster 9",9.0,4.0,True,True,True,True,False,0.22119976703552707,True,True,,,False,,,False,True,False,actionable,False
WNT4,SMO,0.015082117345878911,True,"CoelEpi_GATA2, CoelEpi_LHX9, CoelEpi_LHX9_cycling, Epithelial, Gi, Mesenchymal_GATA2, Oi, early_sPAX8, early_somatic, early_supporting",10.0,2.0,False,0.3177788251278682,False,cluster 7,1.0,1.0,False,True,True,True,False,0.21991846243447874,True,True,,,False,,,False,True,False,actionable,False
BMP7,ACVR1_ACVR2A,0.014883249987085923,True,"CoelEpi_GATA2, Epithelial, Neural",3.0,2.0,False,1.0,False,"cluster 11, cluster 13, cluster 3, cluster 6",4.0,4.0,True,True,True,True,False,0.2052417006406523,True,True,,,False,['shared BMP and activin type II receptor'],shared BMP and activin type II receptor,False,True,True,actionable,False
FGF18,FGFR4,0.009908687560182254,True,"CoelEpi_GATA2, Epithelial, primordial germ cell",3.0,2.0,False,,,,,,,True,False,True,False,0.18986604542807223,True,True,,,False,,,False,True,False,actionable,False
FGF17,FGFR4,0.015252567902854734,True,early_supporting,1.0,2.0,False,0.7172882650624497,False,cluster 13,1.0,3.0,False,True,True,True,False,0.18986604542807223,True,True,,,False,,,False,True,False,actionable,False
FGF7,FGFR4,0.018319575723948274,True,"CoelEpi_GATA2, CoelEpi_LHX9, CoelEpi_LHX9_cycling, Gi, Mesenchymal_GATA2, Neural, Oi, early_somatic",8.0,2.0,False,0.8581253073709579,False,cluster 4,1.0,3.0,False,True,True,True,False,0.18986604542807223,True,True,,,False,,,False,True,False,actionable,False
FGF9,FGFR4,0.020590078450027915,True,"CoelEpi_GATA2, CoelEpi_LHX9, CoelEpi_LHX9_cycling, Epithelial, early_sPAX8, early_supporting",6.0,2.0,False,0.440717773064928,False,cluster 10,1.0,4.0,True,True,True,True,False,0.18986604542807223,True,True,,,False,,,False,True,False,actionable,False
FGF20,FGFR4,0.04419145930812294,True,preGC_IIa,1.0,2.0,False,,,,,,,True,False,True,False,0.18986604542807223,True,True,,,False,,,False,True,False,actionable,False
EFNA1,EPHA4,0.0013680149832028818,True,"CoelEpi_GATA2, CoelEpi_LHX9, CoelEpi_LHX9_cycling, Endothelial, Epithelial, Gi, Mesenchymal_GATA2, OSE, PV, early_sPAX8, early_somatic, early_supporting, preGC_I, preGC_IIa, preGC_IIb, primordial germ cell",16.0,2.0,False,0.4429699521420089,False,"cluster 11, cluster 13, cluster 3, cluster 6, cluster 9",5.0,4.0,True,True,True,True,False,0.188351776354106,True,True,,,False,,,False,True,False,actionable,False
EFNB1,EPHA4,0.0023937532209506907,True,"CoelEpi_GATA2, CoelEpi_LHX9, CoelEpi_LHX9_cycling, Endothelial, Epithelial, Gi, Immune, Mesenchymal_GATA2, Neural, OSE, Oi, PV, early_sPAX8, early_somatic, early_supporting, preGC_I, preGC_IIa, preGC_IIb, primordial germ cell",19.0,2.0,False,0.3217144827071543,False,"cluster 10, cluster 11, cluster 14, cluster 3, cluster 4, cluster 5, cluster 6, cluster 7, cluster 8, cluster 9",10.0,4.0,True,True,True,True,False,0.188351776354106,True,True,,,False,,,False,True,False,actionable,False
FGFR4,EPHA4,0.00330532435039274,True,"Epithelial, Oi, early_somatic, preGC_IIb, primordial germ cell",5.0,2.0,False,0.3532863206852479,False,"PGCLC, cluster 10, cluster 13, cluster 3, cluster 5, cluster 6, cluster 7, cluster 8",8.0,4.0,True,True,True,True,False,0.188351776354106,True,True,,,False,,,False,True,False,actionable,False
FGFR3,EPHA4,0.026771345474907057,True,"CoelEpi_LHX9_cycling, Epithelial, primordial germ cell",3.0,2.0,False,0.3426897872129102,False,"PGCLC, cluster 10, cluster 11, cluster 12, cluster 13, cluster 3, cluster 4, cluster 5, cluster 6, cluster 7, cluster 8, cluster 9",12.0,4.0,True,True,True,True,False,0.188351776354106,True,True,,,False,,,False,True,False,actionable,False
CD99,CD99L2,0.0012540296986140685,True,"CoelEpi_GATA2, CoelEpi_LHX9, CoelEpi_LHX9_cycling, Endothelial, Epithelial, Erythroid, Gi, Immune, Mesenchymal_GATA2, Neural, OSE, Oi, PV, early_sPAX8, early_somatic, early_supporting, preGC_I, preGC_IIa, preGC_IIb, primordial germ cell",20.0,2.0,False,0.3775145378244601,False,"PGCLC, cluster 10, cluster 11, cluster 12, cluster 13, cluster 14, cluster 3, cluster 4, cluster 5, cluster 6, cluster 7, cluster 8, cluster 9",13.0,4.0,True,True,True,True,False,0.18147932440302852,True,True,,,False,,,False,True,False,actionable,False
ANGPT1,ITGA5,0.00034204274404096635,True,"CoelEpi_GATA2, CoelEpi_LHX9_cycling, Endothelial, Epithelial, Gi, Mesenchymal_GATA2, PV, early_sPAX8, primordial germ cell",9.0,2.0,False,0.13293841783602145,False,"cluster 13, cluster 14, cluster 3, cluster 4, cluster 6",5.0,4.0,True,True,True,True,False,0.15084449621432733,True,True,,,False,,,False,True,False,actionable,False
COL18A1,ITGA5,0.0006840594885963161,True,"CoelEpi_GATA2, CoelEpi_LHX9, CoelEpi_LHX9_cycling, Endothelial, Epithelial, Erythroid, Gi, Mesenchymal_GATA2, Neural, OSE, Oi, PV, early_sPAX8, early_somatic, early_supporting, preGC_I, preGC_IIa, preGC_IIb, primordial germ cell",19.0,2.0,False,0.407491854430469,False,"PGCLC, cluster 10, cluster 11, cluster 12, cluster 13, cluster 14, cluster 3, cluster 4, cluster 5, cluster 6, cluster 7, cluster 8, cluster 9",13.0,4.0,True,True,True,True,False,0.15084449621432733,True,True,,,False,,,False,True,False,actionable,False
MIA,ITGA5,0.001111543899936435,True,primordial germ cell,1.0,2.0,False,0.1305232813357983,False,"PGCLC, cluster 11",2.0,4.0,True,True,True,True,False,0.15084449621432733,True,True,,,False,,,False,True,False,actionable,False
FBN1,ITGA5,0.006038928344104213,True,"CoelEpi_GATA2, CoelEpi_LHX9, CoelEpi_LHX9_cycling, Endothelial, Epithelial, Gi, Mesenchymal_GATA2, Neural, OSE, Oi, PV, early_sPAX8, early_somatic, early_supporting, preGC_IIa, preGC_IIb",16.0,2.0,False,0.7115170886733242,False,"cluster 10, cluster 14, cluster 4, cluster 5, cluster 7, cluster 8, cluster 9",7.0,4.0,True,True,True,True,False,0.15084449621432733,True,True,,,False,,,False,True,False,actionable,False
CXCL12,ITGA5,0.030396726619654285,True,"CoelEpi_GATA2, CoelEpi_LHX9, CoelEpi_LHX9_cycling, Epithelial, Gi, Mesenchymal_GATA2, Neural, Oi, PV, early_sPAX8, early_somatic, preGC_IIa, preGC_IIb, primordial germ cell",14.0,2.0,False,0.7521251697594733,False,"cluster 11, cluster 3, cluster 6",3.0,4.0,True,True,True,True,False,0.15084449621432733,True,True,,,False,,,False,True,False,actionable,False
CCN4,ITGA5,0.03198190384328437,True,"Mesenchymal_GATA2, PV",2.0,2.0,False,0.35448698952391605,False,"cluster 10, cluster 4, cluster 8, cluster 9",4.0,3.0,False,True,True,True,False,0.15084449621432733,True,True,,,False,,,False,True,False,actionable,False
ADAM17,ITGA5,0.032151711462878166,True,"CoelEpi_GATA2, CoelEpi_LHX9, CoelEpi_LHX9_cycling, Endothelial, Epithelial, Gi, Immune, Mesenchymal_GATA2, Neural, OSE, Oi, PV, early_sPAX8, early_somatic, early_supporting, preGC_I, preGC_IIa, preGC_IIb, primordial germ cell",19.0,2.0,False,0.9331806809877186,False,"PGCLC, cluster 10, cluster 11, cluster 12, cluster 13, cluster 14, cluster 3, cluster 4, cluster 5, cluster 6, cluster 7, cluster 8, cluster 9",13.0,4.0,True,True,True,True,False,0.15084449621432733,True,True,,,False,,,False,True,False,actionable,False
CCN2,ITGA5,0.03939077552511291,True,"CoelEpi_GATA2, CoelEpi_LHX9, CoelEpi_LHX9_cycling, Endothelial, Epithelial, Gi, Immune, Mesenchymal_GATA2, Neural, OSE, Oi, PV, early_sPAX8, early_somatic, early_supporting, preGC_I, preGC_IIa, preGC_IIb, primordial germ cell",19.0,2.0,False,0.12945385080971253,False,"cluster 11, cluster 3, cluster 6",3.0,4.0,True,True,True,True,False,0.15084449621432733,True,True,,,False,,,False,True,False,actionable,False
PLAU,ITGA5,0.03995583340076181,True,"Endothelial, Immune, early_sPAX8, early_supporting, primordial germ cell",5.0,2.0,False,0.11620263482908472,False,"cluster 14, cluster 8",2.0,3.0,False,True,True,True,False,0.15084449621432733,True,True,,,False,,,False,True,False,actionable,False
ADAM23,ITGA5,0.0421023893173639,True,"Neural, primordial germ cell",2.0,2.0,False,0.150949663015462,False,"PGCLC, cluster 10, cluster 12, cluster 13, cluster 14, cluster 4, cluster 5, cluster 6, cluster 7, cluster 8, cluster 9",11.0,4.0,True,True,True,True,False,0.15084449621432733,True,True,,,False,,,False,True,False,actionable,False
NRG2,ERBB2_ERBB3,0.0013110227019730715,True,primordial germ cell,1.0,2.0,False,0.37632737900793933,False,"cluster 10, cluster 13, cluster 14, cluster 4, cluster 5, cluster 7, cluster 8, cluster 9",8.0,4.0,True,True,True,True,False,0.14979615608619687,True,True,,,False,,,False,True,False,actionable,False
NRG1,ERBB2_ERBB3,0.00933981443604914,True,"CoelEpi_LHX9_cycling, Gi, Oi, early_sPAX8, early_somatic, early_supporting, preGC_I, preGC_IIa, preGC_IIb, primordial germ cell",10.0,3.0,False,0.49283436489296745,False,"PGCLC, cluster 10, cluster 12, cluster 13, cluster 3, cluster 5, cluster 6, cluster 7, cluster 8, cluster 9",10.0,4.0,True,True,True,True,False,0.14979615608619687,True,True,,,False,,,False,True,False,actionable,False
MIA,ITGA5_ITGB1,0.001111543899936435,True,primordial germ cell,1.0,2.0,False,0.1305232813357983,False,"PGCLC, cluster 11",2.0,4.0,True,True,True,True,False,0.14758299359347699,True,True,,,False,,,False,True,False,actionable,False
ANGPTL2,ITGA5_ITGB1,0.0055834429542124895,True,"CoelEpi_LHX9, CoelEpi_LHX9_cycling, Gi, Mesenchymal_GATA2, Oi, early_somatic, early_supporting",7.0,2.0,False,0.09844439581676134,False,"cluster 10, cluster 14, cluster 4, cluster 5, cluster 7, cluster 8, cluster 9",7.0,4.0,True,True,True,True,False,0.14758299359347699,True,True,,,False,,,False,True,False,actionable,False
NAMPT,ITGA5_ITGB1,0.02217874393203058,True,"CoelEpi_GATA2, CoelEpi_LHX9, CoelEpi_LHX9_cycling, Endothelial, Epithelial, Erythroid, Gi, Immune, Mesenchymal_GATA2, Neural, OSE, Oi, PV, early_sPAX8, early_somatic, early_supporting, preGC_I, preGC_IIa, preGC_IIb, primordial germ cell",20.0,2.0,False,0.5449531934364972,False,"PGCLC, cluster 10, cluster 11, cluster 12, cluster 13, cluster 14, cluster 3, cluster 4, cluster 5, cluster 6, cluster 7, cluster 8, cluster 9",13.0,4.0,True,True,True,True,False,0.14758299359347699,True,True,,,False,,,False,True,False,actionable,False
ANGPTL4,ITGA5_ITGB1,0.026487989318528818,True,"Endothelial, PV, preGC_IIa, preGC_IIb, primordial germ cell",5.0,2.0,False,0.7657671038861923,False,"PGCLC, cluster 12",2.0,4.0,True,True,True,True,False,0.14758299359347699,True,True,,,False,,,False,True,False,actionable,False
TGFB2,TGFBR1_TGFBR2,0.0028210752264123153,True,"CoelEpi_GATA2, CoelEpi_LHX9, CoelEpi_LHX9_cycling, Epithelial, Mesenchymal_GATA2, Neural, OSE, PV, early_sPAX8, early_supporting, preGC_I",11.0,3.0,False,1.0,False,"cluster 14, cluster 4",2.0,4.0,True,True,True,True,False,0.14536983110075713,True,True,,,False,['shared type I receptor'],shared type I receptor,False,True,True,actionable,False
TGFB1,TGFBR1_TGFBR2,0.00857172158571433,True,"CoelEpi_GATA2, CoelEpi_LHX9_cycling, Endothelial, Epithelial, Erythroid, Gi, Immune, Mesenchymal_GATA2, PV, early_sPAX8, early_somatic, early_supporting, primordial germ cell",13.0,3.0,False,0.9997923954565335,False,"PGCLC, cluster 10, cluster 11, cluster 13, cluster 14, cluster 3, cluster 4, cluster 5, cluster 6, cluster 7, cluster 8, cluster 9",12.0,4.0,True,True,True,True,False,0.14536983110075713,True,True,,,False,['shared type I receptor'],shared type I receptor,False,True,True,actionable,False
TGFB3,TGFBR1_TGFBR2,0.019483352519372464,True,"CoelEpi_GATA2, Mesenchymal_GATA2",2.0,2.0,False,,,,,,,True,False,True,False,0.14536983110075713,True,True,,,False,['shared type I receptor'],shared type I receptor,False,True,True,actionable,False
NRXN2,NLGN2,0.0050994395371952855,True,"CoelEpi_GATA2, CoelEpi_LHX9, CoelEpi_LHX9_cycling, Epithelial, Gi, Mesenchymal_GATA2, Neural, OSE, Oi, PV, early_somatic, early_supporting, preGC_I, preGC_IIa, primordial germ cell",15.0,2.0,False,,,,,,,True,False,True,False,0.13453698311007573,True,True,,,False,,,False,True,False,actionable,False
NRXN3,NLGN2,0.026402978336212114,True,"CoelEpi_GATA2, CoelEpi_LHX9_cycling, Gi, Oi, PV, early_sPAX8, early_somatic, early_supporting, preGC_I, preGC_IIa, preGC_IIb",11.0,2.0,False,0.09377380693302033,False,"PGCLC, cluster 11, cluster 13, cluster 3, cluster 5, cluster 6, cluster 7, cluster 8",8.0,3.0,False,True,True,True,False,0.13453698311007573,True,True,,,False,,,False,True,False,actionable,False
GDF11,ACVR2A_TGFBR1,0.002023374839423034,True,"CoelEpi_LHX9_cycling, Endothelial, Epithelial, Gi, Mesenchymal_GATA2, Neural, PV, early_supporting, primordial germ cell",9.0,2.0,False,0.7200412661675447,False,"PGCLC, cluster 10, cluster 11, cluster 13, cluster 14, cluster 3, cluster 4, cluster 5, cluster 6, cluster 7, cluster 8, cluster 9",12.0,4.0,True,True,True,True,False,0.13383808969132208,True,True,,,False,"['shared BMP and activin type II receptor', 'shared type I receptor']",shared BMP and activin type II receptor,False,True,True,actionable,False
MXRA5,MFAP3L,0.009282922946426207,True,"CoelEpi_GATA2, CoelEpi_LHX9_cycling, Endothelial, Gi, Mesenchymal_GATA2, OSE, early_somatic, preGC_IIa",8.0,2.0,False,0.07612421717208465,False,"cluster 10, cluster 11, cluster 3, cluster 4, cluster 5, cluster 7, cluster 8, cluster 9",8.0,3.0,False,True,True,True,False,0.13174140943506116,True,True,,,False,,,False,True,False,actionable,False
TGFB2,ACVR1B_TGFBR2,0.0028210752264123153,True,"CoelEpi_GATA2, CoelEpi_LHX9, CoelEpi_LHX9_cycling, Epithelial, Mesenchymal_GATA2, Neural, OSE, PV, early_sPAX8, early_supporting, preGC_I",11.0,3.0,False,1.0,False,"cluster 14, cluster 4",2.0,4.0,True,True,True,True,False,0.12615026208503202,True,True,,,False,['occupied by Activin A'],occupied by Activin A,False,True,True,actionable,False
TGFB1,ACVR1B_TGFBR2,0.00857172158571433,True,"CoelEpi_GATA2, CoelEpi_LHX9_cycling, Endothelial, Epithelial, Erythroid, Gi, Immune, Mesenchymal_GATA2, PV, early_sPAX8, early_somatic, early_supporting, primordial germ cell",13.0,3.0,False,0.9997923954565335,False,"PGCLC, cluster 10, cluster 11, cluster 13, cluster 14, cluster 3, cluster 4, cluster 5, cluster 6, cluster 7, cluster 8, cluster 9",12.0,4.0,True,True,True,True,False,0.12615026208503202,True,True,,,False,['occupied by Activin A'],occupied by Activin A,False,True,True,actionable,False
TGFB3,ACVR1B_TGFBR2,0.019483352519372464,True,"CoelEpi_GATA2, Mesenchymal_GATA2",2.0,2.0,False,,,,,,,True,False,True,False,0.12615026208503202,True,True,,,False,['occupied by Activin A'],occupied by Activin A,False,True,True,actionable,False
FAT4,DCHS1,0.0444172466745281,True,"CoelEpi_GATA2, CoelEpi_LHX9, CoelEpi_LHX9_cycling, Endothelial, Epithelial, Gi, Mesenchymal_GATA2, OSE, Oi, PV, early_somatic, early_supporting",12.0,2.0,False,0.2247973837741336,False,"cluster 10, cluster 14, cluster 4, cluster 5, cluster 7, cluster 8, cluster 9",7.0,3.0,False,True,True,True,False,0.12591729761211415,True,True,,,False,,,False,True,False,actionable,False
TGFB2,ACVR1_TGFBR1_TGFBR2,0.0028210752264123153,True,"CoelEpi_GATA2, CoelEpi_LHX9, CoelEpi_LHX9_cycling, Epithelial, Mesenchymal_GATA2, Neural, OSE, PV, early_sPAX8, early_supporting, preGC_I",11.0,2.0,False,1.0,False,"cluster 14, cluster 4",2.0,4.0,True,True,True,True,False,0.12277227722772277,True,True,,,False,['shared type I receptor'],shared type I receptor,False,True,True,actionable,False
TGFB1,ACVR1_TGFBR1_TGFBR2,0.00857172158571433,True,"CoelEpi_GATA2, CoelEpi_LHX9_cycling, Endothelial, Epithelial, Erythroid, Gi, Immune, Mesenchymal_GATA2, PV, early_sPAX8, early_somatic, early_supporting, primordial germ cell",13.0,2.0,False,0.9997923954565335,False,"PGCLC, cluster 10, cluster 11, cluster 13, cluster 14, cluster 3, cluster 4, cluster 5, cluster 6, cluster 7, cluster 8, cluster 9",12.0,4.0,True,True,True,True,False,0.12277227722772277,True,True,,,False,['shared type I receptor'],shared type I receptor,False,True,True,actionable,False
GDF3,ACVR1B_ACVR2A,0.0014250066732338345,True,primordial germ cell,1.0,2.0,False,0.41583149224001276,False,"cluster 6, cluster 7",2.0,2.0,False,True,True,True,False,0.11147350029120559,True,True,,,False,"['occupied by Activin A', 'shared BMP and activin type II receptor']",occupied by Activin A,False,True,True,actionable,False
GDF11,ACVR1B_ACVR2A,0.002023374839423034,True,"CoelEpi_LHX9_cycling, Endothelial, Epithelial, Gi, Mesenchymal_GATA2, Neural, PV, early_supporting, primordial germ cell",9.0,2.0,False,0.7200412661675447,False,"PGCLC, cluster 10, cluster 11, cluster 13, cluster 14, cluster 3, cluster 4, cluster 5, cluster 6, cluster 7, cluster 8, cluster 9",12.0,4.0,True,True,True,True,False,0.11147350029120559,True,True,,,False,"['occupied by Activin A', 'shared BMP and activin type II receptor']",occupied by Activin A,False,True,True,actionable,False
NODAL,ACVR1B_ACVR2A,0.004786232757665631,True,primordial germ cell,1.0,2.0,False,0.6442738647130077,False,cluster 6,1.0,2.0,False,True,True,True,False,0.11147350029120559,True,True,,,False,"['occupied by Activin A', 'shared BMP and activin type II receptor']",occupied by Activin A,False,True,True,actionable,False
